,"[0,1]","[1,1]","[1,0]","[1,2]","[1,3]","[1,4]","[1,5]","[1,6]","[1,7]","[1,8]","[1,9]","[1,10]","[1,11]","[1,12]","[1,13]","[1,14]","[1,15]","[1,16]","[1,17]","[1,18]","[1,19]","[1,20]","[1,21]","[1,22]","[1,23]","[1,24]","[1,25]","[1,26]","[1,27]","[1,28]","[1,29]","[1,30]","[2,3]","[3,4]","[4,5]","[5,6]","[6,7]","[7,8]","[8,9]","[9,10]","[10,11]","[11,12]","[12,13]","[13,14]","[14,15]","[15,16]","[16,17]","[17,18]","[18,19]","[19,20]","[20,21]","[21,22]","[22,23]","[23,24]","[24,25]","[25,26]","[26,27]","[27,28]","[28,29]","[29,30]","[2,57]","[2,55]","[2,53]","[2,51]","[2,49]","[2,47]","[2,45]","[2,43]","[2,41]","[2,39]","[2,37]","[2,35]","[2,33]","[2,31]","[2,29]","[3,43]","[3,44]","[2,27]","[3,40]","[3,41]","[2,25]","[3,37]","[3,38]","[2,23]","[3,34]","[3,35]","[2,21]","[3,31]","[3,32]","[2,19]","[3,28]","[4,37]","[3,29]","[4,39]","[2,17]","[3,25]","[4,33]","[3,26]","[4,35]","[2,15]","[3,22]","[4,29]","[5,36]","[3,23]","[4,31]","[2,13]","[3,19]","[4,25]","[5,31]","[3,20]","[4,27]","[5,34]","[2,11]","[3,16]","[4,21]","[5,26]","[6,31]","[3,17]","[4,23]","[5,29]","[6,35]","[2,9]","[3,13]","[4,17]","[5,21]","[6,25]","[7,29]","[8,33]","[3,14]","[4,19]","[5,24]","[6,29]","[7,34]","[2,7]","[3,10]","[4,13]","[5,16]","[6,19]","[7,22]","[8,25]","[9,28]","[10,31]","[3,11]","[4,15]","[5,19]","[6,23]","[7,27]","[8,31]","[2,5]","[3,7]","[4,9]","[5,11]","[6,13]","[7,15]","[8,17]","[9,19]","[10,21]","[11,23]","[12,25]","[13,27]","[14,29]","[15,31]","[3,8]","[4,11]","[5,14]","[6,17]","[7,20]","[8,23]","[9,26]","[10,29]","[11,32]","[3,5]","[4,7]","[5,9]","[6,11]","[7,13]","[8,15]","[9,17]","[10,19]","[11,21]","[12,23]","[13,25]","[14,27]","[15,29]","[16,31]","[5,8]","[7,11]","[9,14]","[11,17]","[13,20]","[15,23]","[17,26]","[19,29]","[21,32]","[5,7]","[7,10]","[9,13]","[11,16]","[13,19]","[15,22]","[17,25]","[19,28]","[21,31]","[8,11]","[11,15]","[14,19]","[17,23]","[20,27]","[23,31]","[7,9]","[10,13]","[13,17]","[16,21]","[19,25]","[22,29]","[25,33]","[11,14]","[15,19]","[19,24]","[23,29]","[27,34]","[9,11]","[13,16]","[17,21]","[21,26]","[25,31]","[14,17]","[19,23]","[24,29]","[29,35]","[11,13]","[16,19]","[21,25]","[26,31]","[17,20]","[23,27]","[29,34]","[13,15]","[19,22]","[25,29]","[31,36]","[20,23]","[27,31]","[15,17]","[22,25]","[29,33]","[23,26]","[31,35]","[17,19]","[25,28]","[33,37]","[26,29]","[35,39]","[19,21]","[28,31]","[29,32]","[21,23]","[31,34]","[32,35]","[23,25]","[34,37]","[35,38]","[25,27]","[37,40]","[38,41]","[27,29]","[40,43]","[41,44]","[29,31]","[31,33]","[33,35]","[35,37]","[37,39]","[39,41]","[41,43]","[43,45]","[45,47]","[47,49]","[49,51]","[51,53]","[53,55]","[55,57]","[5,48]","[5,47]","[5,43]","[5,42]","[5,38]","[5,37]","[7,51]","[7,47]","[5,33]","[5,32]","[7,44]","[9,52]","[7,40]","[5,28]","[7,39]","[8,45]","[5,27]","[7,38]","[8,43]","[7,37]","[9,47]","[11,53]","[9,43]","[7,33]","[5,23]","[7,32]","[8,37]","[5,22]","[7,31]","[8,35]","[7,30]","[9,38]","[11,46]","[13,54]","[13,50]","[11,42]","[9,34]","[7,26]","[10,37]","[11,41]","[5,18]","[7,25]","[9,32]","[8,29]","[11,40]","[5,17]","[7,24]","[9,31]","[8,27]","[11,37]","[7,23]","[10,33]","[11,36]","[9,29]","[13,42]","[14,45]","[11,35]","[13,41]","[15,47]","[17,53]","[19,55]","[17,49]","[15,43]","[13,37]","[11,31]","[9,25]","[13,36]","[14,39]","[7,19]","[10,27]","[13,35]","[11,30]","[5,13]","[7,18]","[9,23]","[11,28]","[13,33]","[8,21]","[11,29]","[14,37]","[5,12]","[7,17]","[9,22]","[11,27]","[13,32]","[8,19]","[11,26]","[14,33]","[7,16]","[10,23]","[13,30]","[11,25]","[15,34]","[9,20]","[13,29]","[17,38]","[14,31]","[11,24]","[16,35]","[17,37]","[13,28]","[19,41]","[20,43]","[15,32]","[17,36]","[19,40]","[21,44]","[23,48]","[25,52]","[27,56]","[29,56]","[27,52]","[25,48]","[23,44]","[21,40]","[19,36]","[17,32]","[15,28]","[22,41]","[23,43]","[13,24]","[19,35]","[20,37]","[11,20]","[16,29]","[21,38]","[17,31]","[9,16]","[13,23]","[17,30]","[14,25]","[19,34]","[7,12]","[10,17]","[13,22]","[16,27]","[19,32]","[11,19]","[15,26]","[19,33]","[8,13]","[11,18]","[14,23]","[17,28]","[20,33]","[13,21]","[18,29]","[23,37]","[12,19]","[17,27]","[22,35]","[19,30]","[16,25]","[23,36]","[25,39]","[20,31]","[24,37]","[28,43]","[32,49]","[36,55]","[36,53]","[32,47]","[28,41]","[24,35]","[20,29]","[29,42]","[31,45]","[16,23]","[23,33]","[25,36]","[12,17]","[17,24]","[22,31]","[19,27]","[26,37]","[13,18]","[18,25]","[23,32]","[21,29]","[29,40]","[19,26]","[27,37]","[30,41]","[25,34]","[31,42]","[37,50]","[41,54]","[35,46]","[29,38]","[23,30]","[17,22]","[24,31]","[27,35]","[18,23]","[25,32]","[29,37]","[26,33]","[34,43]","[42,53]","[38,47]","[30,37]","[22,27]","[31,38]","[35,43]","[23,28]","[32,39]","[37,45]","[33,40]","[43,52]","[37,44]","[27,32]","[28,33]","[40,47]","[44,51]","[32,37]","[33,38]","[37,42]","[38,43]","[42,47]","[43,48]","[13,47]","[12,43]","[12,41]","[13,44]","[17,46]","[19,50]","[13,34]","[12,31]","[16,41]","[20,51]","[20,49]","[16,39]","[12,29]","[17,41]","[19,46]","[13,31]","[19,45]","[17,39]","[18,41]","[22,49]","[27,49]","[23,41]","[22,39]","[26,45]","[18,31]","[17,29]","[24,41]","[27,46]","[23,39]","[29,49]","[31,51]","[25,41]","[19,31]","[21,34]","[31,50]","[29,46]","[31,44]","[29,41]","[31,43]","[34,47]"
0,0,0,0,0,0,0,0,0,0,0,0,0,0,0,0,0,0,0,0,0,0,0,0,0,0,0,0,0,0,0,0,0,0,0,0,0,0,0,0,0,0,0,0,0,0,0,0,0,0,0,0,0,0,0,0,0,0,0,0,0,1,0,0,0,0,0,0,0,0,0,0,0,0,0,0,0,0,0,0,0,0,0,0,0,0,0,0,0,0,0,0,0,0,0,0,0,0,0,0,0,0,0,0,0,0,0,0,0,0,0,0,0,0,0,0,0,0,0,0,0,0,0,0,0,0,0,0,0,0,0,0,0,0,0,0,0,0,0,0,0,0,0,0,0,0,0,0,0,0,0,0,0,0,0,0,0,0,0,0,0,0,0,0,0,0,0,0,0,0,0,0,0,0,0,0,0,0,0,0,0,0,0,0,0,0,0,0,0,0,0,0,0,0,0,0,0,0,0,0,0,0,0,0,0,0,0,0,0,0,0,0,0,0,0,0,0,0,0,0,0,0,0,0,0,0,0,0,0,0,0,0,0,0,0,0,0,0,0,0,0,0,0,0,0,0,0,0,0,0,0,0,0,0,0,0,0,0,0,0,0,0,0,0,0,0,0,0,0,0,0,0,0,0,0,0,0,0,0,0,0,0,1,0,0,0,0,0,0,0,0,0,0,0,0,0,0,0,0,0,0,0,0,0,0,0,0,0,0,0,0,0,0,0,0,0,0,0,0,0,0,0,0,0,0,0,0,0,0,0,0,0,0,0,0,0,0,0,0,0,0,0,0,0,0,0,0,0,0,0,0,0,0,0,0,0,0,0,0,0,0,0,0,0,0,0,0,0,0,0,0,0,0,0,0,0,0,0,0,0,0,0,0,0,0,0,0,0,0,0,0,0,0,0,0,0,0,0,0,0,0,0,0,0,0,0,0,0,0,0,0,0,0,0,0,0,0,0,0,0,0,0,0,0,0,0,0,0,0,0,0,0,0,0,0,0,0,0,0,0,0,0,0,0,0,0,0,0,0,0,0,0,0,0,0,0,0,0,0,0,0,0,0,0,0,0,0,0,0,0,0,0,0,0,0,0,0,0,0,0,0,0,0,0,0,0,0,0,0,0,0,0,0,0,0,0,0,0,0,0,0,0,0,0,0,0,0,0,0,0,0,0,0,0,0,0,0,0,0,0,0,0,0,0,0,0,0,0,0,0,0,0,0,0,0,0,0,0,0,0,0,0,0
1,0,0,0,0,0,0,0,0,0,0,0,0,0,0,0,0,0,0,0,0,0,0,0,0,0,0,0,0,0,0,0,0,0,0,0,0,0,0,0,0,0,0,0,0,0,0,0,0,0,0,0,0,0,0,0,0,0,0,0,0,-14,1,0,0,0,0,0,0,0,0,0,0,0,0,0,0,0,0,0,0,0,0,0,0,0,0,0,0,0,0,0,0,0,0,0,0,0,0,0,0,0,0,0,0,0,0,0,0,0,0,0,0,0,0,0,0,0,0,0,0,0,0,0,0,0,0,0,0,0,0,0,0,0,0,0,0,0,0,0,0,0,0,0,0,0,0,0,0,0,0,0,0,0,0,0,0,0,0,0,0,0,0,0,0,0,0,0,0,0,0,0,0,0,0,0,0,0,0,0,0,0,0,0,0,0,0,0,0,0,0,0,0,0,0,0,0,0,0,0,0,0,0,0,0,0,0,0,0,0,0,0,0,0,0,0,0,0,0,0,0,0,0,0,0,0,0,0,0,0,0,0,0,0,0,0,0,0,0,0,0,0,0,0,0,0,0,0,0,0,0,0,0,0,0,0,0,0,0,0,0,0,0,0,0,0,0,0,0,0,0,0,0,0,0,0,0,0,0,0,0,-1,14,0,0,0,0,0,0,0,0,0,0,0,0,0,0,0,0,0,0,0,0,0,0,0,0,0,0,0,0,0,0,0,0,0,0,0,0,0,0,0,0,0,0,0,0,0,0,0,0,0,0,0,0,0,0,0,0,0,0,0,0,-1,0,0,0,0,0,0,0,0,0,0,0,0,0,0,0,0,0,0,0,0,0,0,0,0,0,0,0,0,0,0,0,0,0,0,0,0,0,0,0,0,0,0,0,0,0,0,0,0,0,0,0,0,0,0,0,0,0,0,0,0,0,0,0,0,0,0,0,0,0,0,0,0,0,0,0,0,0,0,0,0,0,0,0,0,0,0,0,0,0,0,0,0,0,0,0,0,0,0,1,0,0,0,0,0,0,0,0,0,0,0,0,0,0,0,0,0,0,0,0,0,0,0,0,0,0,0,0,0,0,0,0,0,0,0,0,0,0,0,0,0,0,0,0,0,0,0,0,0,0,0,0,0,0,0,0,0,0,0,0,0,0,0,0,0,0,0,0,0,0,0,0,0,0,0,0,0,0,0,0,0,0,0,0,0,0,0,0,0,0,0,0,0,0,0,0,0,0,0,0
2,0,0,0,0,0,0,0,0,0,0,0,0,0,0,0,0,0,0,0,0,0,0,0,0,0,0,0,0,0,0,0,0,0,0,0,0,0,0,0,0,0,0,0,0,0,0,0,0,0,0,0,0,0,0,0,0,0,0,0,0,1925,14,1,0,0,0,0,0,0,0,0,0,0,0,0,0,0,0,0,0,0,0,0,0,0,0,0,0,0,0,0,0,0,0,0,0,0,0,0,0,0,0,0,0,0,0,0,0,0,0,0,0,0,0,0,0,0,0,0,0,0,0,0,0,0,0,0,0,0,0,0,0,0,0,0,0,0,0,0,0,0,0,0,0,0,0,0,0,0,0,0,0,0,0,0,0,0,0,0,0,0,0,0,0,0,0,0,0,0,0,0,0,0,0,0,0,0,0,0,0,0,0,0,0,0,0,0,0,0,0,0,0,0,0,0,0,0,0,0,0,0,0,0,0,0,0,0,0,0,0,0,0,0,0,0,0,0,0,0,0,0,0,0,0,0,0,0,0,0,0,0,0,0,0,0,0,0,0,0,0,0,0,0,0,0,0,0,0,0,0,0,0,0,0,0,0,0,0,0,0,0,0,0,0,0,0,0,0,0,0,0,0,0,0,0,0,0,0,0,1,14,1925,0,0,0,0,0,0,0,0,0,0,0,0,0,0,0,0,0,0,0,0,0,1,0,0,0,0,0,0,0,0,0,0,0,3,0,0,0,0,0,0,0,0,0,0,0,0,0,0,0,0,0,0,0,0,0,0,0,0,0,1,-2,0,0,0,0,0,0,0,0,0,0,0,0,0,0,0,0,0,0,0,0,0,0,0,0,0,0,0,0,0,0,0,0,0,0,0,0,0,0,0,0,0,0,0,0,0,0,0,0,14,14,0,0,0,0,0,0,0,0,0,0,0,0,0,0,0,0,0,0,0,0,0,0,0,0,0,0,0,0,0,0,0,0,0,0,0,0,0,0,0,0,0,0,0,0,0,0,0,0,-2,1,0,0,0,0,0,0,0,0,0,0,0,0,0,0,0,0,0,0,0,0,0,0,0,0,0,3,0,0,0,0,0,0,0,0,0,0,0,1,0,0,0,0,0,0,0,0,0,0,0,0,0,0,0,0,0,0,0,0,0,0,0,0,0,0,0,0,0,0,0,0,0,0,0,0,0,0,0,0,0,0,0,0,0,0,0,0,0,0,0,0,0,0,0,0,0,0,0,0,0
3,0,0,0,0,0,0,0,0,0,0,0,0,0,0,0,0,0,0,0,0,0,0,0,0,0,0,0,0,0,0,0,0,0,0,0,0,0,0,0,0,0,0,0,0,0,0,0,0,0,0,0,0,0,0,0,0,0,0,0,0,-77623,-1729,-13,1,0,0,0,0,0,0,0,0,0,0,0,0,0,0,0,0,0,0,0,0,0,0,0,0,0,0,0,0,0,0,0,0,0,0,0,0,0,0,0,0,0,0,0,0,0,0,0,0,0,0,0,0,0,0,0,0,0,0,0,0,0,0,0,0,0,0,0,0,0,0,0,0,0,0,0,0,0,0,0,0,0,0,0,0,0,0,0,0,0,0,0,0,0,0,0,0,0,0,0,0,0,0,0,0,0,0,0,0,0,0,0,0,0,0,0,0,0,0,0,0,0,0,0,0,0,0,0,0,0,0,0,0,0,0,0,0,0,0,0,0,0,0,0,0,0,0,0,0,0,0,0,0,0,0,0,0,0,0,0,0,0,0,0,0,0,0,0,0,0,0,0,0,0,0,0,0,0,0,0,0,0,0,0,0,0,0,0,0,0,0,0,0,0,0,0,0,0,0,0,0,0,0,0,0,0,0,0,0,0,0,0,0,0,0,-1,13,1729,77623,0,0,0,0,0,0,-1,0,0,0,0,-2,0,0,0,0,0,0,0,0,0,-3,0,0,0,0,0,0,0,0,0,0,0,-16,0,0,0,0,0,0,0,0,0,0,0,0,0,0,0,0,0,0,0,0,0,0,0,0,0,-7,-11,0,0,0,0,0,0,0,0,0,0,0,0,0,0,0,0,0,0,0,0,0,0,0,0,0,0,0,0,0,0,0,0,0,0,0,0,0,0,0,0,0,0,0,0,0,0,0,-2,-98,98,2,0,0,0,0,0,0,0,0,0,0,0,0,0,0,0,0,0,0,0,0,0,0,0,0,0,0,0,0,0,0,0,0,0,0,0,0,0,0,0,0,0,0,0,0,0,0,0,11,7,0,0,0,0,0,0,0,0,0,0,0,0,0,0,0,0,0,0,0,0,0,0,0,0,0,16,0,0,0,0,0,0,0,0,0,0,0,3,0,0,0,0,0,0,0,0,0,2,0,0,0,0,1,0,0,0,0,0,0,0,0,0,0,0,0,0,0,0,1,0,0,0,0,0,0,0,0,0,0,0,0,0,0,0,0,0,0,0,0,-1,0,0,0,0,0,0,0,0,0
4,0,0,0,0,0,0,0,0,0,0,0,0,0,0,0,0,0,0,0,0,0,0,0,0,0,0,0,0,0,0,0,0,0,0,0,0,0,0,0,0,0,0,0,0,0,0,0,0,0,0,0,0,0,0,0,0,0,0,0,0,1479452,64883,1547,13,1,0,0,0,0,0,0,0,0,0,0,0,0,0,0,0,0,0,0,0,0,0,0,0,0,0,0,0,0,0,0,0,0,0,0,0,0,0,0,0,0,0,0,0,0,0,0,0,0,0,0,0,0,0,0,0,0,0,0,0,0,0,0,0,0,0,0,0,0,0,0,0,0,0,0,0,0,0,0,0,0,0,0,0,0,0,0,0,0,0,0,0,0,0,0,0,0,0,0,0,0,0,0,0,0,0,0,0,0,0,0,0,0,0,0,0,0,0,0,0,0,0,0,0,0,0,0,0,0,0,0,0,0,0,0,0,0,0,0,0,0,0,0,0,0,0,0,0,0,0,0,0,0,0,0,0,0,0,0,0,0,0,0,0,0,0,0,0,0,0,0,0,0,0,0,0,0,0,0,0,0,0,0,0,0,0,0,0,0,0,0,0,0,0,0,0,0,0,0,0,0,0,0,0,0,0,0,0,0,0,0,0,0,1,13,1547,64883,1479452,0,0,0,0,0,0,1,0,0,0,0,13,0,0,0,0,0,0,0,0,0,-9,0,0,0,0,0,0,0,0,0,0,0,115,1,0,0,0,0,0,0,0,0,0,0,0,0,0,0,0,0,0,0,0,0,0,0,0,0,-109,99,1,0,0,0,0,0,0,0,0,0,0,0,0,0,0,0,0,0,0,0,0,0,0,0,0,0,0,0,0,0,0,0,0,0,0,0,0,0,0,0,0,0,0,0,0,0,0,13,455,455,13,0,0,0,0,0,0,0,0,0,0,0,0,0,0,0,0,0,0,0,0,0,0,0,0,0,0,0,0,0,0,0,0,0,0,0,0,0,0,0,0,0,0,0,0,0,0,1,99,-109,0,0,0,0,0,0,0,0,0,0,0,0,0,0,0,0,0,0,0,0,0,0,0,0,1,115,0,0,0,0,0,0,0,0,0,0,0,-9,0,0,0,0,0,0,0,0,0,13,0,0,0,0,1,0,0,0,0,0,0,0,0,0,0,0,1,0,0,0,1,1,0,0,0,0,0,0,0,0,1,1,0,0,0,0,0,0,0,0,1,1,0,0,0,1,0,0,0,0,0
5,0,0,0,0,0,0,0,0,0,0,0,0,0,0,0,0,0,0,0,0,0,0,0,0,0,0,0,0,0,0,0,0,0,0,0,0,0,0,0,0,0,0,0,0,0,0,0,0,0,0,0,0,0,0,0,0,0,0,0,0,-16284112,-1150123,-53872,-1378,-12,1,0,0,0,0,0,0,0,0,0,0,0,0,0,0,0,0,0,0,0,0,0,0,0,0,0,0,0,0,0,0,0,0,0,0,0,0,0,0,0,0,0,0,0,0,0,0,0,0,0,0,0,0,0,0,0,0,0,0,0,0,0,0,0,0,0,0,0,0,0,0,0,0,0,0,0,0,0,0,0,0,0,0,0,0,0,0,0,0,0,0,0,0,0,0,0,0,0,0,0,0,0,0,0,0,0,0,0,0,0,0,0,0,0,0,0,0,0,0,0,0,0,0,0,0,0,0,0,0,0,0,0,0,0,0,0,0,0,0,0,0,0,0,0,0,0,0,0,0,0,0,0,0,0,0,0,0,0,0,0,0,0,0,0,0,0,0,0,0,0,0,0,0,0,0,0,0,0,0,0,0,0,0,0,0,0,0,0,0,0,0,0,0,0,0,0,0,0,0,0,0,0,0,0,0,0,0,0,0,0,0,-1,12,1378,53872,1150123,16284112,-4,-1,0,0,0,0,-38,-1,0,0,0,20,0,0,0,0,0,0,0,0,-1,60,0,0,0,0,0,0,0,0,0,0,0,-652,-12,0,0,0,0,0,0,0,0,0,0,0,0,0,0,0,0,0,0,0,0,0,0,0,-1,-312,-17,-4,0,0,0,0,0,0,0,0,0,0,0,0,0,0,0,0,0,0,0,0,0,0,0,0,0,0,0,0,0,0,0,0,0,0,0,0,0,0,0,0,0,0,0,0,0,0,-84,-1568,1568,84,0,0,0,0,0,0,0,0,0,0,0,0,0,0,0,0,0,0,0,0,0,0,0,0,0,0,0,0,0,0,0,0,0,0,0,0,0,0,0,0,0,0,0,0,0,0,4,17,312,1,0,0,0,0,0,0,0,0,0,0,0,0,0,0,0,0,0,0,0,0,0,0,0,12,652,0,0,0,0,0,0,0,0,0,0,0,-60,1,0,0,0,0,0,0,0,0,-20,0,0,0,1,38,0,0,0,0,1,4,-1,0,0,0,0,-4,0,0,0,-10,-4,0,0,0,0,0,0,0,0,-4,4,0,0,0,0,0,0,0,0,4,10,0,0,0,4,0,0,0,0,1
6,0,0,0,0,0,0,0,0,0,0,0,0,0,0,0,0,0,0,0,0,0,0,0,0,0,0,0,0,0,0,0,0,0,0,0,0,0,0,0,0,0,0,0,0,0,0,0,0,0,0,0,0,0,0,0,0,0,0,0,0,115837592,11764688,885677,44408,1222,12,1,0,0,0,0,0,0,0,0,0,0,0,0,0,0,0,0,0,0,0,0,0,0,0,0,0,0,0,0,0,0,0,0,0,0,0,0,0,0,0,0,0,0,0,0,0,0,0,0,0,0,0,0,0,0,0,0,0,0,0,0,0,0,0,0,0,0,0,0,0,0,0,0,0,0,0,0,0,0,0,0,0,0,0,0,0,0,0,0,0,0,0,0,0,0,0,0,0,0,0,0,0,0,0,0,0,0,0,0,0,0,0,0,0,0,0,0,0,0,0,0,0,0,0,0,0,0,0,0,0,0,0,0,0,0,0,0,0,0,0,0,0,0,0,0,0,0,0,0,0,0,0,0,0,0,0,0,0,0,0,0,0,0,0,0,0,0,0,0,0,0,0,0,0,0,0,0,0,0,0,0,0,0,0,0,0,0,0,0,0,0,0,0,0,0,0,0,0,0,0,0,0,0,0,0,0,0,0,0,1,12,1222,44408,885677,11764688,115837592,20,16,0,0,0,0,536,8,0,0,0,-20,0,0,0,1,0,0,0,0,8,-79,0,0,0,0,0,0,0,0,0,0,-1,2619,-54,0,0,0,0,0,0,0,0,0,0,0,0,0,0,0,0,0,0,0,0,1,0,0,-4,1073,-868,-2,0,0,0,0,0,0,0,0,0,0,0,0,0,0,0,0,0,0,0,0,0,0,0,0,0,0,0,0,0,0,0,0,0,0,0,0,0,0,0,0,0,0,0,0,0,12,364,4368,4368,364,12,0,0,0,0,0,0,0,0,0,0,0,0,0,0,0,0,0,0,0,0,0,0,0,0,0,0,0,0,0,0,0,0,0,0,0,0,0,0,0,0,0,0,0,0,0,-2,-868,1073,-4,0,0,0,0,1,0,0,0,0,0,0,0,0,0,0,0,0,0,0,0,0,0,0,-54,2619,-1,0,0,0,0,0,0,0,0,0,0,-79,8,0,0,0,0,0,0,1,0,-20,0,0,0,8,536,0,0,0,0,16,20,0,0,0,0,-1,10,0,0,0,44,30,0,0,0,-1,0,1,0,0,18,18,0,0,1,0,0,0,-1,0,30,44,0,0,0,10,-1,0,0,0,0
7,0,0,0,0,0,0,0,0,0,0,0,0,0,0,0,0,0,0,0,0,0,0,0,0,0,0,0,0,0,0,0,0,0,0,0,0,0,0,0,0,0,0,0,0,0,0,0,0,0,0,0,0,0,0,0,0,0,0,0,0,-572120992,-77699128,-8395387,-675103,-36322,-1078,-11,1,0,0,0,0,0,0,0,-1,6,0,0,0,0,0,0,0,0,0,0,0,0,0,0,0,0,0,0,0,0,0,0,0,0,0,0,0,0,0,0,0,0,0,0,0,0,0,0,0,0,0,0,0,0,0,0,0,0,0,0,0,0,0,0,0,0,0,0,0,0,0,0,0,0,0,0,0,0,0,0,0,0,0,0,0,0,0,0,0,0,0,0,0,0,0,0,0,0,0,0,0,0,0,0,0,0,0,0,0,0,0,0,0,0,0,0,0,0,0,0,0,0,0,0,0,0,0,0,0,0,0,0,0,0,0,0,0,0,0,0,0,0,0,0,0,0,0,0,0,0,0,0,0,0,0,0,0,0,0,0,0,0,0,0,0,0,0,0,0,0,0,0,0,0,0,0,0,0,0,0,0,0,0,0,0,0,0,0,0,0,0,0,0,0,0,0,0,0,0,1,-6,0,0,0,0,0,0,-1,11,1078,36322,675103,8395387,77699128,572120992,-96,-10,-1,0,0,0,-1477,-10,0,0,2,-878,0,0,0,1,0,0,1,0,34,-937,-1,0,0,0,0,0,0,0,0,0,-12,-9512,-148,0,0,0,0,0,0,0,0,0,0,0,0,0,0,0,0,0,0,0,0,1,0,0,-82,2355,1548,66,-1,0,0,0,0,0,0,0,0,0,0,0,0,0,0,0,0,0,0,0,0,0,0,0,0,0,0,0,0,0,0,0,0,0,0,0,0,0,0,0,1,0,0,0,-2,-72,-1162,-9800,9800,1162,72,2,0,0,0,0,0,-1,0,0,0,0,0,0,0,0,0,0,0,0,0,0,0,0,0,0,0,0,0,0,0,0,0,0,0,0,0,0,0,0,0,0,0,0,0,1,-66,-1548,-2355,82,0,0,0,0,-1,0,0,0,0,0,0,0,0,0,0,0,0,0,0,0,0,0,0,148,9512,12,0,0,0,0,0,0,0,0,0,1,937,-34,0,0,0,-1,0,0,-1,0,878,-2,0,0,10,1477,0,0,0,1,10,96,-6,1,0,-2,4,-20,0,0,0,-143,-122,0,0,0,-4,0,-5,0,0,-62,62,0,0,5,0,0,0,4,0,122,143,0,0,0,20,-4,2,0,-1,6
8,0,0,0,0,0,0,0,0,0,0,0,0,0,0,0,0,0,0,0,0,0,0,0,0,0,0,0,0,0,0,0,0,0,0,0,0,0,0,0,0,0,0,0,0,0,0,0,0,0,0,0,0,0,0,0,0,0,0,0,0,2060931182,355862768,51325352,5911763,508937,29458,946,11,1,0,0,0,0,0,0,35,-21,0,0,1,0,0,0,0,0,0,0,0,0,0,0,0,0,0,0,0,0,0,0,0,0,0,0,0,0,0,0,0,0,0,0,0,0,0,0,0,0,0,0,0,0,0,0,0,0,0,0,0,0,0,0,0,0,0,0,0,0,0,0,0,0,0,0,0,0,0,0,0,0,0,0,0,0,0,0,0,0,0,0,0,0,0,0,0,0,0,0,0,0,0,0,0,0,0,0,0,0,0,0,0,0,0,0,0,0,0,0,0,0,0,0,0,0,0,0,0,0,0,0,0,0,0,0,0,0,0,0,0,0,0,0,0,0,0,0,0,0,0,0,0,0,0,0,0,0,0,0,0,0,0,0,0,0,0,0,0,0,0,0,0,0,0,0,0,0,0,0,0,0,0,0,0,0,0,0,0,0,0,0,0,0,0,0,0,1,0,35,-21,0,0,0,0,0,1,11,946,29458,508937,5911763,51325352,355862768,2060931182,318,-622,7,5,0,0,-6101,-10,0,0,11,3675,0,0,0,-6,0,0,-1,0,-214,5200,3,0,0,0,0,0,0,0,0,0,90,26312,-83,-3,0,0,0,1,0,0,0,0,0,0,0,0,0,0,0,0,0,0,5,10,0,1,-142,-7160,1724,-91,-1,0,0,0,0,0,0,0,0,0,0,0,0,0,0,0,0,0,0,0,0,0,0,0,0,0,0,0,0,0,0,0,0,0,0,0,0,0,0,1,-1,0,0,0,11,286,3003,19448,19448,3003,286,11,0,0,0,0,1,-1,0,0,0,0,0,0,0,0,0,0,0,0,0,0,0,0,0,0,0,0,0,0,0,0,0,0,0,0,0,0,0,0,0,0,0,0,0,-1,-91,1724,-7160,-142,1,0,0,5,10,0,0,0,0,0,0,0,0,0,0,0,0,0,0,0,1,0,-3,-83,26312,90,0,0,0,0,0,0,0,0,0,3,5200,-214,0,0,0,-1,0,0,-6,0,3675,11,0,0,-10,-6101,0,0,5,7,-622,318,2,3,1,-5,2,45,0,0,1,383,373,0,0,1,26,0,2,0,1,205,205,1,0,2,0,0,1,26,0,373,383,1,0,0,45,2,-5,1,3,2
9,0,0,0,0,0,0,0,0,0,0,0,0,0,0,0,0,0,0,0,0,0,0,0,0,0,0,0,0,0,0,0,0,0,0,0,0,0,0,0,0,0,0,0,0,0,0,0,0,0,0,0,0,0,0,0,0,0,0,0,0,-5610483532,-1187011978,-217303672,-33346963,-4103242,-379093,-23672,-825,-10,1,0,0,0,0,0,-231,-448,0,8,-14,0,0,0,0,0,0,0,0,0,0,0,0,0,1,0,0,0,0,0,0,0,0,0,0,0,0,0,0,0,0,0,0,0,0,0,0,0,0,0,0,0,0,0,0,0,0,0,0,0,0,0,0,0,0,0,0,0,0,0,0,0,0,0,0,0,0,0,0,0,0,0,0,0,0,0,0,0,0,0,0,0,0,0,0,0,0,0,0,0,0,0,0,0,0,0,0,0,0,0,0,0,0,0,0,0,0,0,0,0,0,0,0,0,0,0,0,0,0,0,0,0,0,0,0,0,0,0,0,0,0,0,0,0,0,0,0,0,0,0,0,0,0,0,0,0,0,0,0,0,0,0,0,0,0,0,0,0,0,0,0,0,0,0,0,0,0,0,0,0,0,0,0,-1,0,0,0,0,0,0,0,0,0,0,-8,14,0,231,448,0,0,0,0,-1,10,825,23672,379093,4103242,33346963,217303672,1187011978,5610483532,-2636,4161,-7,-28,0,0,55011,601,0,0,-124,-14396,4,0,-1,-4,0,0,19,0,-259,-10900,-11,0,0,0,0,0,0,0,0,0,-436,-67984,-384,-8,0,0,0,-2,0,0,0,0,0,0,0,0,0,0,0,0,0,0,4,128,0,-6,769,-4096,-8378,-354,1,0,0,0,0,1,0,0,0,0,0,0,0,0,0,0,0,0,0,0,0,0,0,0,0,0,0,0,0,0,0,0,0,0,0,0,0,0,0,-6,-9,0,0,0,-60,-840,-6216,-31584,31584,6216,840,60,0,0,0,0,6,9,0,0,0,0,0,0,0,0,0,0,0,0,0,0,0,0,0,0,0,0,0,0,0,0,0,0,0,0,0,0,0,0,0,0,-1,0,0,-1,354,8378,4096,-769,6,0,0,-4,-128,0,0,0,0,0,0,0,0,0,0,0,0,0,0,0,2,0,8,384,67984,436,0,0,0,0,0,0,0,0,0,11,10900,259,0,0,0,-19,0,1,4,-4,14396,124,0,0,-601,-55011,0,0,28,7,-4161,2636,1,-5,6,12,-16,-92,0,0,-2,-871,-914,1,0,-6,-100,0,24,-1,-2,-550,550,2,1,-24,0,0,6,100,-1,914,871,2,0,0,92,16,-12,-6,5,-1
10,0,0,0,0,0,0,0,0,0,0,0,0,0,0,0,0,0,0,0,0,0,0,0,0,0,0,0,0,0,0,0,0,0,0,0,0,0,0,0,0,0,0,0,0,0,0,0,0,0,0,0,0,0,0,0,0,0,0,0,0,11851853042,2987013068,668955542,130069928,21280337,2803658,278707,18832,715,10,1,0,0,0,0,2492,10604,0,-70,63,0,1,-5,0,0,0,0,0,0,0,0,1,0,10,0,0,0,0,0,0,0,0,0,0,0,0,0,0,0,0,0,0,0,0,0,0,0,0,0,0,0,0,0,0,0,0,0,0,0,0,0,0,0,0,0,0,0,0,0,0,0,0,0,0,0,0,0,0,0,0,0,0,0,0,0,0,0,0,0,0,0,0,0,0,0,0,0,0,0,0,0,0,0,0,0,0,0,0,0,0,0,0,0,0,0,0,0,0,0,0,0,0,0,0,0,0,0,0,0,0,0,0,0,0,0,0,0,0,0,0,0,0,0,0,0,0,0,0,0,0,0,0,0,0,0,0,0,0,0,0,0,0,0,0,0,0,0,0,0,0,0,0,0,0,0,0,0,0,0,0,1,0,10,0,0,0,0,0,0,0,1,-5,0,-70,63,0,2492,10604,0,0,0,1,10,715,18832,278707,2803658,21280337,130069928,668955542,2987013068,11851853042,44442,-4154,-28,153,3,1,-159784,-3370,0,0,796,64168,2,0,-2,119,0,-5,36,1,3658,-3046,60,0,0,0,1,0,0,0,0,3,1489,149186,2099,-31,0,0,1,-13,0,0,0,0,-6,0,0,0,0,1,0,0,0,0,-71,-61,0,-57,686,26078,6832,1105,40,1,0,0,0,-2,0,0,0,0,0,0,0,0,0,0,0,1,0,0,0,0,0,0,0,0,0,0,0,0,0,0,0,3,0,0,0,1,0,19,60,0,0,10,220,2002,11440,48620,48620,11440,2002,220,10,0,0,0,19,60,0,0,1,0,0,3,0,0,0,0,0,0,0,0,0,0,0,0,0,0,0,0,0,0,0,0,0,1,0,0,0,0,0,0,-2,0,1,40,1105,6832,26078,686,-57,0,0,-71,-61,0,0,0,0,0,0,0,1,0,0,0,0,-6,0,1,-13,0,-31,2099,149186,1489,3,0,0,0,0,0,0,1,0,60,-3046,3658,1,0,-5,36,0,-2,119,2,64168,796,0,0,-3370,-159784,1,3,153,-28,-4154,44442,26,-8,-21,4,9,179,0,0,7,1748,1881,2,0,15,281,0,-77,2,7,1277,1277,7,2,-77,0,0,15,281,2,1881,1748,7,0,0,179,9,4,-21,-8,26
11,0,0,0,0,0,0,0,0,0,0,0,0,0,0,0,0,0,0,0,0,0,0,0,0,0,0,0,0,0,0,0,0,0,0,0,0,0,0,0,0,0,0,0,0,0,0,0,0,0,0,0,0,0,0,0,0,0,0,0,0,-19822108582,-5820778858,-1550554582,-368202778,-76183147,-13316953,-1883167,-201993,-14817,-615,-9,1,0,0,0,-33311,-117634,0,-154,-1771,0,-27,8,0,0,-1,0,0,0,0,0,11,0,-115,0,0,0,0,1,0,0,0,-6,0,0,0,0,0,0,0,0,0,0,0,0,0,0,0,0,0,1,0,0,0,0,0,0,0,0,0,0,0,0,0,0,0,0,0,0,0,0,0,0,0,0,0,0,0,0,0,0,0,0,0,0,0,0,0,0,0,0,0,0,0,0,0,0,0,0,0,0,0,0,0,0,0,0,0,0,0,0,0,0,0,0,0,0,0,0,0,0,0,0,0,0,0,0,0,0,0,0,0,0,0,0,0,0,0,0,0,0,0,0,0,0,0,0,0,0,0,0,0,0,0,0,0,0,0,0,-1,0,0,0,0,0,0,0,0,0,0,6,0,0,0,0,0,0,-1,0,0,-11,0,115,0,0,0,0,0,1,0,27,-8,0,154,1771,0,33311,117634,0,0,-1,9,615,14817,201993,1883167,13316953,76183147,368202778,1550554582,5820778858,19822108582,-382002,-93687,-831,-1284,-12,-11,72678,7933,0,0,-3174,-218200,-10,0,-5,-735,0,8,-569,1,-7603,78150,-179,0,0,0,-1,0,0,1,0,-12,-4740,-290568,-4144,-76,0,0,7,-23,0,0,0,0,-6,0,0,0,0,-7,0,0,2,0,-68,-907,-1,-47,-3959,-14050,11134,-329,-99,-3,0,0,2,5,0,0,-1,0,0,0,0,0,0,0,0,-1,0,0,0,0,0,0,0,0,0,0,0,0,0,0,0,-12,0,0,1,-3,0,-67,-209,0,-2,-50,-590,-3794,-17036,-60172,60172,17036,3794,590,50,2,0,0,67,209,0,-1,3,0,0,12,0,0,0,0,0,0,0,0,0,0,0,0,0,0,0,0,0,0,0,0,0,1,0,0,1,0,0,-2,-5,0,3,99,329,-11134,14050,3959,47,1,0,68,907,0,0,-2,0,0,0,0,7,0,0,0,0,6,0,-7,23,0,76,4144,290568,4740,12,0,0,0,-1,0,0,1,0,179,-78150,7603,-1,0,-8,569,0,5,735,10,218200,3174,0,0,-7933,-72678,11,12,1284,831,93687,382002,-151,-25,-37,-226,44,-328,0,0,-21,-3138,-3379,-19,0,-47,-656,0,107,3,-17,-2579,2579,17,-3,-107,0,0,47,656,19,3379,3138,21,0,0,328,-44,226,37,25,151
12,0,0,0,0,0,0,0,0,0,0,0,0,0,0,0,0,0,0,0,0,0,0,0,0,0,0,0,0,0,0,0,0,0,0,0,0,0,0,0,0,0,0,0,0,0,0,0,0,0,0,0,0,0,0,0,0,0,0,0,0,26655382802,8959034798,2776717742,783051638,197519942,43576703,8157227,1241383,144111,11517,525,9,1,0,0,262187,751783,0,6341,24719,0,141,301,0,-7,9,0,0,0,0,0,-155,0,517,0,0,1,0,-7,0,0,0,9,0,0,0,0,0,0,0,0,1,0,0,0,0,0,0,0,0,9,0,0,0,0,0,0,1,0,0,0,0,1,0,0,0,0,0,0,0,0,0,0,0,0,0,0,0,0,0,0,0,0,0,0,0,0,0,0,0,0,0,0,0,0,0,0,0,0,0,0,0,0,0,0,0,0,0,0,0,0,0,0,0,0,0,0,0,0,0,0,0,0,0,0,0,0,0,0,0,0,0,0,0,0,0,0,0,0,0,0,0,0,0,0,1,0,0,0,0,1,0,0,0,0,0,0,0,0,9,0,0,0,0,0,0,1,0,0,0,9,0,0,0,0,1,0,-7,0,0,-155,0,517,0,0,0,0,-7,9,0,141,301,0,6341,24719,0,262187,751783,0,1,9,525,11517,144111,1241383,8157227,43576703,197519942,783051638,2776717742,8959034798,26655382802,1924947,704327,10503,6815,37,-3,1143622,12063,1,0,12263,583286,21,0,89,2179,0,61,1127,25,-5705,-218694,-37,1,0,0,9,0,0,1,0,61,11355,513774,11878,39,1,0,5,-33,0,0,0,0,5,0,0,0,0,-3,0,1,-7,0,399,715,-3,483,1035,-39690,-28334,-2974,-65,5,0,0,-7,-11,0,0,1,0,0,0,0,0,1,0,0,5,0,0,0,0,0,0,0,1,0,0,0,0,1,0,0,37,0,0,-3,9,0,183,539,0,9,165,1287,6435,24310,75582,75582,24310,6435,1287,165,9,0,0,183,539,0,-3,9,0,0,37,0,0,0,0,0,1,0,0,0,0,0,0,0,1,0,0,0,0,1,0,0,5,0,0,1,0,0,-7,-11,0,5,-65,-2974,-28334,-39690,1035,483,-3,0,399,715,0,1,-7,0,0,0,0,-3,0,0,0,0,5,0,5,-33,1,39,11878,513774,11355,61,0,0,0,1,0,0,9,1,-37,-218694,-5705,25,0,61,1127,0,89,2179,21,583286,12263,0,1,12063,1143622,-3,37,6815,10503,704327,1924947,195,127,175,199,-85,582,1,0,63,5066,5378,65,0,119,1299,0,15,-15,47,4550,4550,47,-15,15,0,0,119,1299,65,5378,5066,63,0,1,582,-85,199,175,127,195
13,0,0,0,0,0,0,0,0,0,0,0,0,0,0,0,0,0,0,0,0,0,0,0,0,0,0,0,0,0,0,0,0,0,0,0,0,0,0,0,0,0,0,0,0,0,0,0,0,0,0,0,0,0,0,0,0,0,0,0,0,-29161852240,-11055878188,-3916739872,-1283211208,-383751472,-103020253,-24287212,-4880668,-801592,-101046,-8832,-444,-8,1,0,-1262412,-3071540,0,-59604,-177644,0,-1316,-5060,0,44,-36,0,-1,4,0,0,552,0,-3246,0,0,-8,0,76,0,0,0,172,0,1,0,0,0,-1,0,0,16,0,0,0,0,1,0,0,0,-12,0,0,0,0,0,0,-8,0,0,0,0,-16,0,0,0,0,0,0,0,0,1,0,0,0,0,0,1,0,0,0,0,0,0,0,0,0,0,0,0,0,-1,0,0,0,0,0,0,0,0,-4,0,0,0,0,0,0,0,0,0,0,0,0,0,1,0,0,0,0,0,0,0,0,4,0,0,0,0,0,0,0,0,-1,0,0,0,0,0,-1,0,0,0,0,0,0,8,0,0,0,0,16,0,0,0,0,-1,0,0,0,12,0,0,0,1,0,0,-16,0,0,0,-172,0,-1,0,0,8,0,-76,0,0,-552,0,3246,0,1,-4,0,-44,36,0,1316,5060,0,59604,177644,0,1262412,3071540,-1,8,444,8832,101046,801592,4880668,24287212,103020253,383751472,1283211208,3916739872,11055878188,29161852240,-6454068,-2817647,-69588,-30656,-28,264,-5120204,-164799,-4,-4,-40312,-1410332,-480,0,-266,-4024,0,-228,2212,-164,56621,284396,1820,-4,0,0,-24,0,-1,-16,0,-264,-25064,-807168,-27840,-140,-8,0,24,56,0,0,0,0,0,0,0,-1,0,-8,0,8,-24,0,324,2908,-40,-12,9261,62096,16408,5012,556,16,-1,0,8,22,0,0,4,0,0,0,0,0,-4,0,0,-8,0,0,0,0,-4,0,0,4,0,0,0,0,-8,0,0,-92,1,0,0,-40,0,-448,-1116,0,-40,-400,-2212,-8704,-27344,-73136,73136,27344,8704,2212,400,40,0,0,448,1116,0,0,40,0,0,92,-1,0,0,0,0,8,0,0,0,0,4,0,0,-4,0,0,0,0,4,0,0,8,0,0,-4,0,0,-8,-22,1,-16,-556,-5012,-16408,-62096,-9261,12,40,0,-324,-2908,0,-8,24,0,0,1,0,8,0,0,0,0,0,0,-24,-56,8,140,27840,807168,25064,264,0,0,1,16,0,0,24,4,-1820,-284396,-56621,164,0,228,-2212,0,266,4024,480,1410332,40312,4,4,164799,5120204,-264,28,30656,69588,2817647,6454068,225,4,84,1044,-4,-968,0,1,-152,-7404,-7692,-162,0,-272,-2244,-1,-452,22,-136,-7080,7080,136,-22,452,1,0,272,2244,162,7692,7404,152,-1,0,968,4,-1044,-84,-4,-225
14,0,0,0,0,0,0,0,0,0,0,0,0,0,0,0,0,0,0,0,0,0,0,0,0,0,0,0,0,0,0,1,15,0,0,0,0,0,0,0,0,0,0,0,0,0,0,0,0,0,0,0,0,0,0,0,0,0,0,1,15,26187682024,11063492816,4415408372,1651162688,572756312,181971248,52097267,13154948,2845492,505912,69498,6672,372,8,1,4030364,8592656,0,311952,772768,0,13318,41406,0,124,932,0,20,0,0,0,926,1,24612,0,0,116,0,-72,0,0,1,-944,0,8,0,0,0,12,0,0,-108,0,0,0,0,12,0,0,1,84,0,0,0,0,0,1,52,0,0,0,1,36,0,0,0,0,0,0,0,0,20,0,0,0,0,0,8,0,0,0,0,0,0,0,0,0,0,0,0,1,8,0,0,0,0,0,0,0,1,0,0,0,0,0,0,0,0,0,0,0,0,0,1,8,0,0,0,0,0,0,0,1,0,0,0,0,0,0,0,0,0,20,0,0,0,0,0,8,0,0,0,0,0,1,52,0,0,0,1,36,0,0,0,0,12,0,0,1,84,0,0,0,12,0,0,-108,0,0,1,-944,0,8,0,0,116,0,-72,0,0,926,1,24612,0,20,0,0,124,932,0,13318,41406,0,311952,772768,1,4030364,8592656,8,372,6672,69498,505912,2845492,13154948,52097267,181971248,572756312,1651162688,4415408372,11063492816,26187682024,15405696,7590288,307804,129612,614,-958,12908508,675112,4,16,106128,3133048,2096,0,148,15243,0,-42,-13280,82,-115064,15260,-6200,0,0,8,54,0,8,76,-1,766,47549,1139316,50056,1036,-20,0,-18,140,0,0,8,1,-16,0,0,8,0,-78,0,0,-32,1,-1828,-4677,4,-1752,-10936,-3892,21220,-652,-660,-70,0,0,0,-4,0,0,-8,-1,0,0,0,0,16,0,1,18,0,0,0,0,16,0,0,-16,0,0,-1,0,20,0,1,190,0,0,32,126,0,872,1904,8,120,792,3432,11440,31824,77520,77520,31824,11440,3432,792,120,8,0,872,1904,0,32,126,0,1,190,0,0,0,-1,0,20,0,0,0,0,16,0,0,-16,0,0,0,0,16,0,1,18,0,0,-8,-1,0,0,-4,0,-70,-660,-652,21220,-3892,-10936,-1752,4,1,-1828,-4677,0,0,-32,0,0,8,0,-78,0,0,8,1,-16,0,-18,140,-20,1036,50056,1139316,47549,766,-1,0,8,76,0,8,54,0,-6200,15260,-115064,82,0,-42,-13280,0,148,15243,2096,3133048,106128,16,4,675112,12908508,-958,614,129612,307804,7590288,15405696,208,-272,-756,-1672,221,1488,4,0,300,9880,9960,328,1,536,3421,0,1283,40,360,9668,9668,360,40,1283,0,1,536,3421,328,9960,9880,300,0,4,1488,221,-1672,-756,-272,208
15,0,0,0,0,0,0,0,0,0,0,0,0,0,0,0,0,0,0,0,0,0,0,0,0,0,0,0,0,-1,-14,-105,-560,0,0,0,0,0,0,0,0,0,0,0,0,0,0,0,0,0,0,0,0,0,0,0,0,1,14,105,560,-19427502404,-9052470696,-4021011580,-1691678428,-668796712,-246052888,-83211277,-25461493,-6903352,-1611908,-311278,-46782,-4956,-308,-7,-9021559,-17241526,1,-1036360,-2221232,0,-76634,-193956,0,-2812,-9430,0,-80,-184,0,6,-15694,-5,-120148,0,0,-476,0,-1522,0,0,9,1552,0,-52,0,0,0,-40,0,1,364,0,0,0,0,-44,0,0,3,-630,0,0,0,0,0,-9,-124,0,0,0,-3,60,0,0,0,0,0,0,0,-6,20,0,0,0,0,-1,12,0,0,0,0,0,0,0,0,0,0,0,-1,-7,-28,0,0,0,0,0,0,0,5,44,0,0,0,0,0,0,0,0,0,0,0,1,7,28,0,0,0,0,0,0,0,-5,-44,0,0,0,0,0,0,0,6,-20,0,0,0,0,1,-12,0,0,0,0,0,9,124,0,0,0,3,-60,0,0,0,0,44,0,0,-3,630,0,0,0,40,0,-1,-364,0,0,-9,-1552,0,52,0,0,476,0,1522,0,-6,15694,5,120148,0,80,184,0,2812,9430,0,76634,193956,-1,1036360,2221232,7,9021559,17241526,308,4956,46782,311278,1611908,6903352,25461493,83211277,246052888,668796712,1691678428,4021011580,9052470696,19427502404,-27236832,-14790936,-938899,-432228,-8384,-562,-22917328,-1760400,-16,-68,-246514,-5900292,-5884,-2,544,-77933,-1,1732,20079,1298,71816,-887136,8933,20,0,-28,-102,0,-20,-278,-8,-2084,-77728,-1456460,-83936,-2104,-24,0,-22,-196,0,0,4,1,48,0,0,12,1,226,0,36,236,-5,656,-1909,258,1604,-4776,-70500,-44732,-7556,-463,46,4,0,-28,-100,0,1,-2,0,0,0,0,-2,-40,0,-1,-38,0,0,0,-1,-40,0,0,20,0,0,8,0,-44,0,-5,-364,-8,0,-102,-286,-2,-1408,-2725,-32,-260,-1220,-4166,-11552,-27640,-59236,59236,27640,11552,4166,1220,260,32,2,1408,2725,0,102,286,0,5,364,8,0,0,-8,0,44,0,0,0,1,40,0,0,-20,0,0,0,2,40,0,1,38,0,-1,2,0,0,28,100,-4,-46,463,7556,44732,70500,4776,-1604,-258,5,-656,1909,0,-36,-236,0,0,-12,-1,-226,0,0,-4,-1,-48,0,22,196,24,2104,83936,1456460,77728,2084,8,0,20,278,0,28,102,-20,-8933,887136,-71816,-1298,1,-1732,-20079,2,-544,77933,5884,5900292,246514,68,16,1760400,22917328,562,8384,432228,938899,14790936,27236832,-2848,-429,292,-1462,-312,-2124,-12,-4,-512,-12088,-11724,-560,-3,-908,-4632,0,-2411,-224,-752,-11672,11672,752,224,2411,0,3,908,4632,560,11724,12088,512,4,12,2124,312,1462,-292,429,2848
16,0,0,0,0,0,0,0,0,0,0,0,0,0,0,0,0,0,0,0,0,0,0,0,0,0,0,1,13,91,455,1820,6188,0,0,0,0,0,0,0,0,0,0,0,0,0,0,0,0,0,0,0,0,0,0,1,13,91,455,1820,6188,11956675573,6091228876,2980752184,1393938716,619111172,259187048,101320712,36548573,11980667,3497248,884236,186142,30738,3612,252,14710589,25629581,7,2341060,4459267,1,266860,575548,0,18658,48506,0,624,2116,0,-25,73072,20,372748,0,1,1746,-3,11334,0,0,-76,3598,0,156,0,0,1,264,0,-5,58,0,0,0,5,-52,0,0,20,1878,0,0,0,0,1,28,450,0,0,0,-4,-550,0,0,0,0,0,0,1,-25,-136,0,0,0,0,-5,60,0,0,0,0,0,0,0,0,0,0,1,7,28,84,0,0,0,0,0,0,-3,-20,-60,0,0,0,0,0,0,0,0,0,0,1,7,28,84,0,0,0,0,0,0,-3,-20,-60,0,0,0,0,0,0,1,-25,-136,0,0,0,0,-5,60,0,0,0,0,1,28,450,0,0,0,-4,-550,0,0,0,5,-52,0,0,20,1878,0,0,1,264,0,-5,58,0,0,-76,3598,0,156,0,1,1746,-3,11334,0,-25,73072,20,372748,0,624,2116,0,18658,48506,1,266860,575548,7,2341060,4459267,252,14710589,25629581,3612,30738,186142,884236,3497248,11980667,36548573,101320712,259187048,619111172,1393938716,2980752184,6091228876,11956675573,36589496,21587780,2025141,1039119,43932,15260,30620116,3291556,350,372,511533,8872732,18324,7,1980,254488,7,-3244,12689,-3832,174664,2134932,2541,-114,0,68,468,0,76,774,44,4188,114568,1664680,127900,4175,66,-3,0,667,0,1,-28,0,276,0,0,-52,-1,168,0,-66,-2,-24,3471,10128,-190,2083,19456,70848,27440,10064,1981,180,4,1,78,240,0,-1,30,4,0,0,0,7,78,0,4,68,0,0,0,7,84,0,-3,2,0,0,-12,1,98,0,12,596,32,0,230,512,7,1927,3385,84,462,1716,5005,12376,27132,54264,54264,27132,12376,5005,1716,462,84,7,1927,3385,0,230,512,0,12,596,32,0,0,-12,1,98,0,0,0,7,84,0,-3,2,0,0,0,7,78,0,4,68,0,-1,30,4,1,78,240,4,180,1981,10064,27440,70848,19456,2083,-190,-24,3471,10128,0,-66,-2,0,0,-52,-1,168,0,1,-28,0,276,-3,0,667,66,4175,127900,1664680,114568,4188,44,0,76,774,0,68,468,-114,2541,2134932,174664,-3832,7,-3244,12689,7,1980,254488,18324,8872732,511533,372,350,3291556,30620116,15260,43932,1039119,2025141,21587780,36589496,4288,1813,1655,5117,32,2900,26,12,783,13552,12584,836,12,1343,5608,12,3548,536,1255,12440,12440,1255,536,3548,12,12,1343,5608,836,12584,13552,783,12,26,2900,32,5117,1655,1813,4288
17,0,0,0,0,0,0,0,0,0,0,0,0,0,0,0,0,0,0,0,0,0,0,0,0,-1,-12,-78,-364,-1365,-4368,-12376,-31824,0,0,0,0,0,0,0,0,0,0,0,0,0,0,0,0,0,0,0,0,1,12,78,364,1365,4368,12376,31824,-6118171326,-3382002691,-1807426044,-930045252,-458544280,-215340628,-95630272,-39799813,-15347362,-5403193,-1703052,-467842,-107788,-19650,-2576,-17945659,-28872736,-203,-3760700,-6490622,-6,-609324,-1156188,1,-68816,-149534,0,-4502,-12076,0,-84,-202528,-436,-781049,0,-14,-7724,-4,-43798,0,0,136,-25360,-1,-898,0,0,-6,-822,0,29,-4088,0,0,0,0,478,0,1,-124,-4402,0,0,0,0,-6,-128,-852,0,0,0,80,1172,0,0,0,0,0,0,14,44,14,0,0,0,1,-21,-114,0,0,0,0,0,0,0,0,0,-1,-6,-21,-56,-126,0,0,0,0,0,1,4,-4,-84,0,0,0,0,0,0,0,0,0,1,6,21,56,126,0,0,0,0,0,-1,-4,4,84,0,0,0,0,0,0,-14,-44,-14,0,0,0,-1,21,114,0,0,0,0,6,128,852,0,0,0,-80,-1172,0,0,0,0,-478,0,-1,124,4402,0,0,6,822,0,-29,4088,0,0,-136,25360,1,898,0,14,7724,4,43798,0,84,202528,436,781049,0,4502,12076,-1,68816,149534,6,609324,1156188,203,3760700,6490622,2576,17945659,28872736,19650,107788,467842,1703052,5403193,15347362,39799813,95630272,215340628,458544280,930045252,1807426044,3382002691,6118171326,-38000860,-24102992,-3172903,-1797480,-131020,-60108,-31682652,-4595948,-2056,-1236,-875864,-10449408,-53592,-8,-18339,-538912,7,-2716,-111309,3028,-571004,-3157108,-40719,184,-1,-164,-2072,0,-202,-1706,-152,-7496,-148864,-1689264,-165900,-8444,-84,-4,-236,-2178,0,2,-44,4,-760,0,4,-18,9,-892,-1,-172,-772,20,-4624,-7448,-570,-4590,-13196,-5028,11107,-2836,-1807,-404,-38,-2,-88,-185,0,-3,-38,-12,0,0,-1,-16,-132,0,-8,-92,0,0,0,-17,-140,0,4,-68,0,1,-4,-2,-196,0,-32,-856,-78,0,-382,-736,-24,-2222,-3573,-160,-628,-1840,-4464,-9488,-18284,-32672,32672,18284,9488,4464,1840,628,160,24,2222,3573,0,382,736,0,32,856,78,0,-1,4,2,196,0,0,0,17,140,0,-4,68,0,0,1,16,132,0,8,92,0,3,38,12,2,88,185,38,404,1807,2836,-11107,5028,13196,4590,570,-20,4624,7448,1,172,772,0,-4,18,-9,892,0,-2,44,-4,760,4,236,2178,84,8444,165900,1689264,148864,7496,152,0,202,1706,1,164,2072,-184,40719,3157108,571004,-3028,-7,2716,111309,8,18339,538912,53592,10449408,875864,1236,2056,4595948,31682652,60108,131020,1797480,3172903,24102992,38000860,-2140,-1297,-1954,-2260,444,-3856,-48,-26,-1074,-13892,-12312,-1093,-28,-1730,-6076,-42,-4336,-891,-1714,-11764,11764,1714,891,4336,42,28,1730,6076,1093,12312,13892,1074,26,48,3856,-444,2260,1954,1297,2140
18,0,0,0,0,0,0,0,0,0,0,0,0,0,0,0,0,0,0,0,0,0,0,1,11,66,286,1001,3003,8008,19448,43758,92378,0,0,0,0,0,0,0,0,0,0,0,0,0,0,0,0,0,0,1,11,66,286,1001,3003,8008,19448,43758,92378,2603199789,1551167806,898558685,504375396,273277036,142261016,70757132,33394208,14827487,6126818,2322967,793092,237590,60172,12174,16681664,25037936,1792,4428370,7026667,161,962019,1642493,6,159154,300636,1,17772,38972,0,1056,375087,2978,1155522,0,41,25206,99,106064,0,-5,434,69360,2,4652,0,0,53,1896,0,24,16050,0,0,1,-69,-848,0,6,282,11172,0,0,0,1,33,230,1550,0,0,-10,-202,-614,0,0,0,0,0,-5,1,80,344,0,0,0,6,16,212,0,0,0,0,0,0,0,0,1,6,21,56,126,252,0,0,0,0,0,2,19,86,260,0,0,0,0,0,0,0,0,1,6,21,56,126,252,0,0,0,0,0,2,19,86,260,0,0,0,0,0,-5,1,80,344,0,0,0,6,16,212,0,0,0,1,33,230,1550,0,0,-10,-202,-614,0,0,1,-69,-848,0,6,282,11172,0,0,53,1896,0,24,16050,0,-5,434,69360,2,4652,0,41,25206,99,106064,0,1056,375087,2978,1155522,1,17772,38972,6,159154,300636,161,962019,1642493,1792,4428370,7026667,12174,16681664,25037936,60172,237590,793092,2322967,6126818,14827487,33394208,70757132,142261016,273277036,504375396,898558685,1551167806,2603199789,30865808,20871164,3693516,2280861,255437,136047,25752536,4885956,7574,3652,1164616,9632408,114434,-16,55042,794792,-84,23325,243960,7471,897920,3393549,99060,206,2,484,6291,3,464,3400,338,11781,167868,1521047,187668,13061,402,-5,683,3871,0,1,164,18,618,0,-2,168,24,491,-2,402,776,114,-155,-4284,928,1715,-5888,-48079,-33098,-6776,-428,211,60,5,-32,-190,0,8,4,10,0,0,2,32,198,1,14,115,0,0,3,36,204,0,3,170,0,-2,50,5,314,0,62,1037,140,6,520,895,56,2271,3408,252,792,2002,4368,8568,15504,26334,26334,15504,8568,4368,2002,792,252,56,2271,3408,6,520,895,0,62,1037,140,0,-2,50,5,314,0,0,3,36,204,0,3,170,0,0,2,32,198,1,14,115,0,8,4,10,5,-32,-190,60,211,-428,-6776,-33098,-48079,-5888,1715,928,114,-155,-4284,-2,402,776,0,-2,168,24,491,0,1,164,18,618,-5,683,3871,402,13061,187668,1521047,167868,11781,338,3,464,3400,2,484,6291,206,99060,3393549,897920,7471,-84,23325,243960,-16,55042,794792,114434,9632408,1164616,3652,7574,4885956,25752536,136047,255437,2280861,3693516,20871164,30865808,3540,-800,-1117,-5408,-540,4900,82,52,1311,13000,10968,1270,58,1959,5900,96,4528,1170,1967,9892,9892,1967,1170,4528,96,58,1959,5900,1270,10968,13000,1311,52,82,4900,-540,-5408,-1117,-800,3540
19,0,0,0,0,0,0,0,0,0,0,0,0,0,0,0,0,0,0,0,0,-1,-10,-55,-220,-715,-2002,-5005,-11440,-24310,-48620,-92378,-167960,0,0,0,0,0,0,0,0,0,0,0,0,0,0,0,0,1,10,55,220,715,2002,5005,11440,24310,48620,92378,167960,-919145823,-586987497,-366166977,-222540723,-131370000,-75053100,-41318380,-21803908,-10957957,-5202523,-2309467,-945793,-350974,-115126,-32206,-11957644,-16880776,-7274,-3900410,-5754587,-1211,-1087429,-1698448,-125,-246228,-415155,-5,-41746,-78436,1,-4596,-486967,-10194,-1242823,0,-253,-53134,-732,-171769,0,12,-2806,-118962,-11,-13846,0,-1,-131,-4654,2,-446,-35844,0,0,7,164,10,0,-17,-798,-24105,0,0,0,-7,-59,-498,-2562,0,1,30,134,-2624,0,0,0,0,1,-12,-67,-184,-334,0,0,-1,3,-62,-558,0,0,0,0,0,0,0,-1,-5,-15,-35,-70,-126,-210,0,0,0,0,-2,-13,-44,-98,-144,0,0,0,0,0,0,0,1,5,15,35,70,126,210,0,0,0,0,2,13,44,98,144,0,0,0,0,-1,12,67,184,334,0,0,1,-3,62,558,0,0,0,7,59,498,2562,0,-1,-30,-134,2624,0,0,-7,-164,-10,0,17,798,24105,0,1,131,4654,-2,446,35844,0,-12,2806,118962,11,13846,0,253,53134,732,171769,-1,4596,486967,10194,1242823,5,41746,78436,125,246228,415155,1211,1087429,1698448,7274,3900410,5754587,32206,11957644,16880776,115126,350974,945793,2309467,5202523,10957957,21803908,41318380,75053100,131370000,222540723,366166977,586987497,919145823,-19742360,-14134580,-3247076,-2161612,-346536,-206157,-16560285,-3998840,-18698,-9436,-1178304,-6976650,-171074,-132,-97249,-853980,114,-52644,-329188,-26617,-957316,-2790291,-146940,-1798,-3,-1348,-13091,-8,-1022,-5577,-740,-15304,-166372,-1197160,-189584,-16672,-856,-8,-1011,-5851,0,-21,-56,-54,-806,0,-22,-74,-66,1063,-15,-14,522,-158,5296,11276,1,3173,15884,46761,26013,9636,2480,363,6,-5,230,593,-1,-2,37,16,0,0,-7,-56,-258,-1,-18,-163,0,0,-8,-58,-256,1,-20,-270,0,-1,-108,-17,-408,-2,-106,-1076,-202,-18,-581,-905,-92,-1947,-2724,-296,-734,-1542,-2888,-4972,-8026,-12314,12314,8026,4972,2888,1542,734,296,92,1947,2724,18,581,905,2,106,1076,202,0,1,108,17,408,0,0,8,58,256,-1,20,270,0,0,7,56,258,1,18,163,1,2,-37,-16,5,-230,-593,-6,-363,-2480,-9636,-26013,-46761,-15884,-3173,-1,158,-5296,-11276,15,14,-522,0,22,74,66,-1063,0,21,56,54,806,8,1011,5851,856,16672,189584,1197160,166372,15304,740,8,1022,5577,3,1348,13091,1798,146940,2790291,957316,26617,-114,52644,329188,132,97249,853980,171074,6976650,1178304,9436,18698,3998840,16560285,206157,346536,2161612,3247076,14134580,19742360,-14944,-220,3803,8220,-112,-5672,-124,-86,-1429,-11075,-8860,-1311,-94,-1951,-5124,-158,-4096,-1257,-1917,-7384,7384,1917,1257,4096,158,94,1951,5124,1311,8860,11075,1429,86,124,5672,112,-8220,-3803,220,14944
20,0,0,0,0,0,0,0,0,0,0,0,0,0,0,0,0,0,0,1,9,45,165,495,1287,3003,6435,12870,24310,43758,75582,125970,203490,0,0,0,0,0,0,0,0,0,0,0,0,0,0,1,9,45,165,495,1287,3003,6435,12870,24310,43758,75582,125970,203490,268104578,182570507,121943011,79724833,50898157,31641640,19090180,11132876,6244892,3349193,1704377,815083,361711,146446,52834,6652364,8892620,16414,2601685,3601372,4166,899849,1302113,791,265319,406955,95,63046,104746,5,11006,455625,20546,989925,1,1190,74463,2678,193507,0,47,7318,140315,171,25310,0,9,350,9534,5,1726,52647,0,0,-29,-26,2558,1,35,2354,36891,0,0,1,15,166,834,3247,0,-3,-29,530,7671,0,0,0,0,9,31,50,14,-178,0,0,-3,23,190,866,0,0,0,0,0,0,1,5,15,35,70,126,210,330,0,0,0,1,5,11,6,-46,-214,0,0,0,0,0,0,1,5,15,35,70,126,210,330,0,0,0,1,5,11,6,-46,-214,0,0,0,0,9,31,50,14,-178,0,0,-3,23,190,866,0,0,1,15,166,834,3247,0,-3,-29,530,7671,0,0,-29,-26,2558,1,35,2354,36891,0,9,350,9534,5,1726,52647,0,47,7318,140315,171,25310,1,1190,74463,2678,193507,5,11006,455625,20546,989925,95,63046,104746,791,265319,406955,4166,899849,1302113,16414,2601685,3601372,52834,6652364,8892620,146446,361711,815083,1704377,3349193,6244892,11132876,19090180,31641640,50898157,79724833,121943011,182570507,268104578,9970340,7514940,2177644,1548668,337945,220269,8442877,2534380,30843,17466,905388,3979713,182389,958,115693,685480,274,71361,312372,42577,750368,1787411,153808,4519,15,2762,19609,23,1778,7635,1202,17169,143220,797467,164877,19444,1215,46,1769,8920,1,18,-182,10,2965,1,19,-254,-22,-1715,23,-645,-1525,-90,-5044,-7524,-1121,-4428,-10560,-15457,-6381,-5179,-2368,-715,-130,-10,-293,-575,1,-10,-9,-46,0,1,15,78,291,3,26,261,0,1,15,78,282,1,46,331,0,15,162,38,439,5,142,961,238,35,563,813,126,1548,2060,330,715,1365,2380,3876,5985,8855,8855,5985,3876,2380,1365,715,330,126,1548,2060,35,563,813,5,142,961,238,0,15,162,38,439,0,1,15,78,282,1,46,331,0,1,15,78,291,3,26,261,1,-10,-9,-46,-10,-293,-575,-130,-715,-2368,-5179,-6381,-15457,-10560,-4428,-1121,-90,-5044,-7524,23,-645,-1525,1,19,-254,-22,-1715,1,18,-182,10,2965,46,1769,8920,1215,19444,164877,797467,143220,17169,1202,23,1778,7635,15,2762,19609,4519,153808,1787411,750368,42577,274,71361,312372,958,115693,685480,182389,3979713,905388,17466,30843,2534380,8442877,220269,337945,1548668,2177644,7514940,9970340,28704,5744,-2264,-2756,1188,5709,175,118,1400,8525,6449,1201,126,1708,3964,206,3232,1145,1612,4925,4925,1612,1145,3232,206,126,1708,3964,1201,6449,8525,1400,118,175,5709,1188,-2756,-2264,5744,28704
21,0,0,0,0,0,0,0,0,0,0,0,0,0,0,0,0,-1,-8,-36,-120,-330,-792,-1716,-3432,-6435,-11440,-19448,-31824,-50388,-77520,-116280,-170544,0,0,0,0,0,0,0,0,0,0,0,0,1,8,36,120,330,792,1716,3432,6435,11440,19448,31824,50388,77520,116280,170544,-64125640,-46352917,-32982688,-23065502,-15823412,-10625591,-6966380,-4445640,-2751280,-1643833,-942952,-515698,-266492,-128603,-57044,-2875960,-3660800,-22748,-1321760,-1729232,-7896,-552064,-747508,-2269,-204064,-288830,-496,-64181,-96392,-70,-16144,-312188,-26356,-589817,-4,-2920,-71812,-5408,-155394,1,-308,-11376,-117672,-707,-30283,0,-18,-980,-13429,-44,-3680,-53180,0,4,12,-532,-5355,0,-181,-4524,-39106,0,0,-4,-56,-264,-1024,-3564,0,6,-104,-1652,-11156,0,0,0,-4,-6,12,80,236,517,0,1,-10,-61,-260,-1051,0,0,0,0,0,-1,-4,-10,-20,-35,-56,-84,-120,-165,0,0,0,0,4,23,76,188,384,0,0,0,0,0,1,4,10,20,35,56,84,120,165,0,0,0,0,-4,-23,-76,-188,-384,0,0,0,4,6,-12,-80,-236,-517,0,-1,10,61,260,1051,0,0,4,56,264,1024,3564,0,-6,104,1652,11156,0,-4,-12,532,5355,0,181,4524,39106,0,18,980,13429,44,3680,53180,-1,308,11376,117672,707,30283,4,2920,71812,5408,155394,70,16144,312188,26356,589817,496,64181,96392,2269,204064,288830,7896,552064,747508,22748,1321760,1729232,57044,2875960,3660800,128603,266492,515698,942952,1643833,2751280,4445640,6966380,10625591,15823412,23065502,32982688,46352917,64125640,-3969160,-3134345,-1118680,-843616,-241040,-169892,-3404930,-1245185,-34548,-21860,-529076,-1785620,-141364,-2428,-97635,-415952,-1208,-66136,-217648,-43836,-444349,-895692,-118436,-6872,-79,-4192,-21476,-68,-2561,-8822,-1592,-16732,-102192,-433972,-116324,-19492,-1748,-52,-3136,-11196,-4,28,32,-8,-5800,-4,44,295,156,536,33,652,972,320,944,-188,1054,1840,603,-8140,-6799,-572,660,468,167,32,108,107,2,12,-106,36,0,-4,-23,-92,-292,-4,-44,-376,0,-4,-24,-92,-276,-6,-68,-328,0,-29,-180,-56,-392,-12,-152,-732,-227,-48,-446,-596,-124,-992,-1244,-256,-460,-752,-1148,-1664,-2316,-3120,3120,2316,1664,1148,752,460,256,124,992,1244,48,446,596,12,152,732,227,0,29,180,56,392,0,4,24,92,276,6,68,328,0,4,23,92,292,4,44,376,-2,-12,106,-36,-32,-108,-107,-167,-468,-660,572,6799,8140,-603,-1840,-1054,-320,-944,188,-33,-652,-972,4,-44,-295,-156,-536,4,-28,-32,8,5800,52,3136,11196,1748,19492,116324,433972,102192,16732,1592,68,2561,8822,79,4192,21476,6872,118436,895692,444349,43836,1208,66136,217648,2428,97635,415952,141364,1785620,529076,21860,34548,1245185,3404930,169892,241040,843616,1118680,3134345,3969160,-32161,-10632,-1720,-4404,-1944,-4836,-228,-143,-1228,-5846,-4192,-973,-144,-1312,-2716,-221,-2228,-887,-1168,-2892,2892,1168,887,2228,221,144,1312,2716,973,4192,5846,1228,143,228,4836,1944,4404,1720,10632,32161
22,0,0,0,0,0,0,0,0,0,0,0,0,0,0,1,7,28,84,210,462,924,1716,3003,5005,8008,12376,18564,27132,38760,54264,74613,100947,0,0,0,0,0,0,0,0,0,0,1,7,28,84,210,462,924,1716,3003,5005,8008,12376,18564,27132,38760,54264,74613,100947,12435644,9503432,7171763,5337880,3912826,2820148,1994665,1381300,933976,614576,391967,241088,142102,79612,41941,962140,1171720,20476,511024,635704,9076,252179,322073,3544,113434,149800,1163,45244,62428,296,15344,157691,22481,263504,50,4132,48670,6604,90076,4,781,11417,71148,1432,24580,1,80,1732,12692,188,4768,37722,0,-4,107,1180,6168,6,516,5449,29060,0,1,18,79,324,1165,3510,-1,20,352,2445,10530,0,0,1,-4,-24,-67,-136,-224,-308,0,4,16,72,336,1260,0,0,0,0,1,4,10,20,35,56,84,120,165,220,0,0,-1,-6,-20,-48,-92,-147,-196,0,0,0,0,1,4,10,20,35,56,84,120,165,220,0,0,-1,-6,-20,-48,-92,-147,-196,0,0,1,-4,-24,-67,-136,-224,-308,0,4,16,72,336,1260,0,1,18,79,324,1165,3510,-1,20,352,2445,10530,0,-4,107,1180,6168,6,516,5449,29060,1,80,1732,12692,188,4768,37722,4,781,11417,71148,1432,24580,50,4132,48670,6604,90076,296,15344,157691,22481,263504,1163,45244,62428,3544,113434,149800,9076,252179,322073,20476,511024,635704,41941,962140,1171720,79612,142102,241088,391967,614576,933976,1381300,1994665,2820148,3912826,5337880,7171763,9503432,12435644,1237508,1019612,439320,349160,126617,95543,1078616,472292,26774,18636,234696,626332,80424,3408,59684,191193,2052,43657,112876,31431,200048,349563,67788,7042,196,4612,17083,117,2960,8020,1867,13153,57495,187341,63766,15128,2218,108,3843,10088,-2,-12,500,221,6456,-6,-64,104,-104,1003,-76,-14,284,-203,2152,4213,-132,880,4368,13027,8996,3146,792,63,-56,-28,172,384,-4,12,232,27,1,6,28,96,262,7,73,431,0,6,29,92,236,12,76,270,4,40,163,64,298,20,137,489,188,56,324,411,120,628,760,220,364,560,816,1140,1540,2024,2024,1540,1140,816,560,364,220,120,628,760,56,324,411,20,137,489,188,4,40,163,64,298,0,6,29,92,236,12,76,270,1,6,28,96,262,7,73,431,-4,12,232,27,-28,172,384,-56,63,792,3146,8996,13027,4368,880,-132,-203,2152,4213,-76,-14,284,-6,-64,104,-104,1003,-2,-12,500,221,6456,108,3843,10088,2218,15128,63766,187341,57495,13153,1867,117,2960,8020,196,4612,17083,7042,67788,349563,200048,31431,2052,43657,112876,3408,59684,191193,80424,626332,234696,18636,26774,472292,1078616,95543,126617,349160,439320,1019612,1237508,23888,10472,3980,6904,1943,3374,258,156,944,3500,2402,688,137,876,1631,196,1337,592,736,1522,1522,736,592,1337,196,137,876,1631,688,2402,3500,944,156,258,3374,1943,6904,3980,10472,23888
23,0,0,0,0,0,0,0,0,0,0,0,0,-1,-6,-21,-56,-126,-252,-462,-792,-1287,-2002,-3003,-4368,-6188,-8568,-11628,-15504,-20349,-26334,-33649,-42504,0,0,0,0,0,0,0,0,1,6,21,56,126,252,462,792,1287,2002,3003,4368,6188,8568,11628,15504,20349,26334,33649,42504,-1923144,-1548172,-1234141,-973297,-758574,-583562,-442475,-330119,-241860,-173592,-121705,-83053,-54922,-34998,-21335,-246413,-288266,-12323,-149136,-177300,-6656,-85399,-103552,-3300,-45644,-56735,-1461,-22338,-28668,-553,-9730,-58569,-13033,-87768,-166,-3608,-23358,-5132,-37753,-34,-1056,-7631,-31074,-1644,-13758,-3,-211,-1836,-8138,-382,-3927,-18928,1,-20,-261,-1352,-4598,-50,-756,-4257,-15253,0,-5,-22,-107,-396,-1137,-2722,-4,-73,-540,-2251,-6808,0,0,5,16,31,44,44,14,-70,-1,-2,-19,-116,-437,-1238,0,0,0,-1,-3,-6,-10,-15,-21,-28,-36,-45,-55,-66,0,1,4,10,18,24,20,-7,-76,0,0,0,1,3,6,10,15,21,28,36,45,55,66,0,-1,-4,-10,-18,-24,-20,7,76,0,0,-5,-16,-31,-44,-44,-14,70,1,2,19,116,437,1238,0,5,22,107,396,1137,2722,4,73,540,2251,6808,-1,20,261,1352,4598,50,756,4257,15253,3,211,1836,8138,382,3927,18928,34,1056,7631,31074,1644,13758,166,3608,23358,5132,37753,553,9730,58569,13033,87768,1461,22338,28668,3300,45644,56735,6656,85399,103552,12323,149136,177300,21335,246413,288266,34998,54922,83053,121705,173592,241860,330119,442475,583562,758574,973297,1234141,1548172,1923144,-298396,-255606,-130705,-108920,-48864,-39159,-264915,-136830,-14498,-10948,-78386,-169650,-33552,-2982,-26520,-66115,-2037,-20736,-43491,-16023,-68054,-105003,-28721,-4958,-324,-3544,-9749,-188,-2482,-5333,-1700,-7740,-24580,-62588,-26444,-8592,-1988,-232,-3073,-6344,4,-100,-808,-447,-4588,14,-20,-462,-87,-1451,24,-482,-898,-77,-2468,-3779,-507,-1628,-3978,-8303,-5720,-2706,-1113,-371,-86,-8,-314,-540,1,-47,-271,-92,-1,-8,-32,-90,-206,-13,-93,-377,-2,-10,-32,-81,-176,-17,-68,-186,-8,-40,-120,-56,-188,-22,-97,-272,-122,-44,-181,-215,-74,-292,-335,-112,-158,-212,-274,-344,-422,-508,508,422,344,274,212,158,112,74,292,335,44,181,215,22,97,272,122,8,40,120,56,188,2,10,32,81,176,17,68,186,1,8,32,90,206,13,93,377,-1,47,271,92,8,314,540,86,371,1113,2706,5720,8303,3978,1628,507,77,2468,3779,-24,482,898,-14,20,462,87,1451,-4,100,808,447,4588,232,3073,6344,1988,8592,26444,62588,24580,7740,1700,188,2482,5333,324,3544,9749,4958,28721,105003,68054,16023,2037,20736,43491,2982,26520,66115,33552,169650,78386,10948,14498,136830,264915,39159,48864,108920,130705,255606,298396,-12394,-6643,-3408,-5058,-1372,-1904,-236,-146,-616,-1785,-1194,-420,-111,-504,-848,-146,-693,-336,-396,-686,686,396,336,693,146,111,504,848,420,1194,1785,616,146,236,1904,1372,5058,3408,6643,12394
24,0,0,0,0,0,0,0,0,0,0,1,5,15,35,70,126,210,330,495,715,1001,1365,1820,2380,3060,3876,4845,5985,7315,8855,10626,12650,0,0,0,0,0,0,1,5,15,35,70,126,210,330,495,715,1001,1365,1820,2380,3060,3876,4845,5985,7315,8855,10626,12650,231429,195616,164132,136613,112711,92094,74446,59467,46873,36396,27784,20801,15227,10858,7506,47371,53419,4999,32280,36833,3181,21128,24456,1912,13159,15505,1068,7698,9278,541,4151,15784,5154,21456,239,2005,7891,2593,11325,86,828,3426,9705,1136,5310,22,269,1205,3550,405,2099,6679,3,58,300,945,2290,103,636,2194,5625,1,6,39,140,365,786,1491,14,121,484,1346,3031,0,-3,-6,-6,1,20,57,119,214,-1,6,45,156,395,834,0,0,1,3,6,10,15,21,28,36,45,55,66,78,0,-1,-2,-1,5,20,49,98,174,0,0,1,3,6,10,15,21,28,36,45,55,66,78,0,-1,-2,-1,5,20,49,98,174,0,-3,-6,-6,1,20,57,119,214,-1,6,45,156,395,834,1,6,39,140,365,786,1491,14,121,484,1346,3031,3,58,300,945,2290,103,636,2194,5625,22,269,1205,3550,405,2099,6679,86,828,3426,9705,1136,5310,239,2005,7891,2593,11325,541,4151,15784,5154,21456,1068,7698,9278,1912,13159,15505,3181,21128,24456,4999,32280,36833,7506,47371,53419,10858,15227,20801,27784,36396,46873,59467,74446,92094,112711,136613,164132,195616,231429,54482,48370,28927,25165,13672,11560,49373,29694,5467,4430,19371,34749,10136,1687,8476,16910,1275,7032,12271,5784,17194,23780,8871,2387,332,1854,3928,220,1418,2485,1066,3256,7750,15764,8107,3477,1183,265,1628,2773,19,169,638,422,2184,3,100,450,183,972,52,479,713,198,1413,1906,509,1069,1978,3352,2396,1379,727,340,134,41,265,396,9,63,209,106,2,11,32,71,135,20,86,248,3,11,28,59,110,17,49,107,10,32,74,41,103,21,62,136,74,36,101,116,55,149,167,78,105,136,171,210,253,300,300,253,210,171,136,105,78,55,149,167,36,101,116,21,62,136,74,10,32,74,41,103,3,11,28,59,110,17,49,107,2,11,32,71,135,20,86,248,9,63,209,106,41,265,396,134,340,727,1379,2396,3352,1978,1069,509,198,1413,1906,52,479,713,3,100,450,183,972,19,169,638,422,2184,265,1628,2773,1183,3477,8107,15764,7750,3256,1066,220,1418,2485,332,1854,3928,2387,8871,23780,17194,5784,1275,7032,12271,1687,8476,16910,10136,34749,19371,4430,5467,29694,49373,11560,13672,25165,28927,48370,54482,4558,2867,1765,2347,710,851,167,110,329,753,503,216,74,245,374,90,306,164,185,279,279,185,164,306,90,74,245,374,216,503,753,329,110,167,851,710,2347,1765,2867,4558
25,0,0,0,0,0,0,0,0,-1,-4,-10,-20,-35,-56,-84,-120,-165,-220,-286,-364,-455,-560,-680,-816,-969,-1140,-1330,-1540,-1771,-2024,-2300,-2600,0,0,0,0,1,4,10,20,35,56,84,120,165,220,286,364,455,560,680,816,969,1140,1330,1540,1771,2024,2300,2600,-20874,-18471,-16260,-14233,-12382,-10699,-9176,-7805,-6578,-5487,-4524,-3681,-2950,-2323,-1792,-6611,-7208,-1349,-5020,-5518,-986,-3708,-4116,-695,-2648,-2975,-468,-1813,-2068,-297,-1176,-3000,-1368,-3735,-174,-710,-1834,-848,-2369,-91,-388,-1020,-2112,-481,-1387,-40,-183,-494,-1037,-240,-725,-1620,-13,-68,-192,-412,-755,-98,-319,-740,-1425,-2,-16,-50,-112,-210,-352,-546,-28,-105,-260,-520,-912,1,0,-4,-12,-25,-44,-70,-104,-147,-3,-19,-55,-119,-219,-363,0,-1,-2,-3,-4,-5,-6,-7,-8,-9,-10,-11,-12,-13,0,-1,-4,-10,-20,-35,-56,-84,-120,0,1,2,3,4,5,6,7,8,9,10,11,12,13,0,1,4,10,20,35,56,84,120,-1,0,4,12,25,44,70,104,147,3,19,55,119,219,363,2,16,50,112,210,352,546,28,105,260,520,912,13,68,192,412,755,98,319,740,1425,40,183,494,1037,240,725,1620,91,388,1020,2112,481,1387,174,710,1834,848,2369,297,1176,3000,1368,3735,468,1813,2068,695,2648,2975,986,3708,4116,1349,5020,5518,1792,6611,7208,2323,2950,3681,4524,5487,6578,7805,9176,10699,12382,14233,16260,18471,20874,-7276,-6677,-4611,-4172,-2696,-2392,-6743,-4669,-1406,-1212,-3432,-5200,-2156,-616,-1897,-3100,-507,-1660,-2461,-1444,-3125,-3924,-1939,-770,-201,-644,-1088,-152,-533,-785,-436,-944,-1740,-2888,-1780,-976,-460,-168,-572,-830,-36,-126,-300,-228,-700,-22,-92,-237,-133,-396,-65,-246,-320,-140,-508,-624,-255,-418,-637,-920,-697,-470,-299,-176,-93,-42,-140,-187,-15,-49,-111,-72,-4,-12,-25,-44,-70,-20,-56,-120,-4,-10,-20,-35,-56,-13,-28,-50,-8,-19,-36,-22,-44,-12,-28,-52,-31,-16,-37,-40,-20,-46,-49,-24,-28,-32,-36,-40,-44,-48,48,44,40,36,32,28,24,20,46,49,16,37,40,12,28,52,31,8,19,36,22,44,4,10,20,35,56,13,28,50,4,12,25,44,70,20,56,120,15,49,111,72,42,140,187,93,176,299,470,697,920,637,418,255,140,508,624,65,246,320,22,92,237,133,396,36,126,300,228,700,168,572,830,460,976,1780,2888,1740,944,436,152,533,785,201,644,1088,770,1939,3924,3125,1444,507,1660,2461,616,1897,3100,2156,5200,3432,1212,1406,4669,6743,2392,2696,4172,4611,6677,7276,-1173,-845,-598,-728,-268,-292,-88,-63,-138,-253,-174,-91,-40,-98,-136,-45,-112,-65,-70,-90,90,70,65,112,45,40,98,136,91,174,253,138,63,88,292,268,728,598,845,1173
26,0,0,0,0,0,0,1,3,6,10,15,21,28,36,45,55,66,78,91,105,120,136,153,171,190,210,231,253,276,300,325,351,0,0,1,3,6,10,15,21,28,36,45,55,66,78,91,105,120,136,153,171,190,210,231,253,276,300,325,351,1327,1226,1129,1036,947,862,781,704,631,562,497,436,379,326,277,632,668,232,530,563,191,437,467,154,353,380,121,278,302,92,212,381,233,438,67,155,279,173,328,46,107,193,304,122,234,29,68,123,194,80,156,257,16,38,69,109,158,47,94,157,236,7,17,31,49,71,97,127,23,48,82,125,177,2,5,9,14,20,27,35,44,54,8,18,32,50,72,98,1,2,3,4,5,6,7,8,9,10,11,12,13,14,2,4,7,11,16,22,29,37,46,1,2,3,4,5,6,7,8,9,10,11,12,13,14,2,4,7,11,16,22,29,37,46,2,5,9,14,20,27,35,44,54,8,18,32,50,72,98,7,17,31,49,71,97,127,23,48,82,125,177,16,38,69,109,158,47,94,157,236,29,68,123,194,80,156,257,46,107,193,304,122,234,67,155,279,173,328,92,212,381,233,438,121,278,302,154,353,380,191,437,467,232,530,563,277,632,668,326,379,436,497,562,631,704,781,862,947,1036,1129,1226,1327,670,634,500,469,355,329,636,502,235,214,412,536,306,140,282,385,124,259,332,237,386,445,284,159,70,142,197,59,126,160,111,179,263,363,265,181,113,61,129,163,25,51,86,73,146,19,42,74,52,101,34,75,88,53,117,133,76,103,134,169,138,107,80,57,38,23,48,58,12,24,40,31,5,9,14,20,27,13,25,41,4,7,11,16,22,8,13,19,6,10,15,11,17,8,13,19,14,10,16,17,12,19,20,14,16,18,20,22,24,26,26,24,22,20,18,16,14,12,19,20,10,16,17,8,13,19,14,6,10,15,11,17,4,7,11,16,22,8,13,19,5,9,14,20,27,13,25,41,12,24,40,31,23,48,58,38,57,80,107,138,169,134,103,76,53,117,133,34,75,88,19,42,74,52,101,25,51,86,73,146,61,129,163,113,181,265,363,263,179,111,59,126,160,70,142,197,159,284,445,386,237,124,259,332,140,282,385,306,536,412,214,235,502,636,329,355,469,500,634,670,202,164,131,148,71,73,33,26,43,64,47,30,17,31,39,18,33,22,23,27,27,23,22,33,18,17,31,39,30,47,64,43,26,33,73,71,148,131,164,202
27,0,0,0,0,-1,-2,-3,-4,-5,-6,-7,-8,-9,-10,-11,-12,-13,-14,-15,-16,-17,-18,-19,-20,-21,-22,-23,-24,-25,-26,-27,-28,1,2,3,4,5,6,7,8,9,10,11,12,13,14,15,16,17,18,19,20,21,22,23,24,25,26,27,28,-53,-51,-49,-47,-45,-43,-41,-39,-37,-35,-33,-31,-29,-27,-25,-37,-38,-23,-34,-35,-21,-31,-32,-19,-28,-29,-17,-25,-26,-15,-22,-29,-23,-31,-13,-19,-25,-20,-27,-11,-16,-21,-26,-17,-23,-9,-13,-17,-21,-14,-19,-24,-7,-10,-13,-16,-19,-11,-15,-19,-23,-5,-7,-9,-11,-13,-15,-17,-8,-11,-14,-17,-20,-3,-4,-5,-6,-7,-8,-9,-10,-11,-5,-7,-9,-11,-13,-15,-1,-1,-1,-1,-1,-1,-1,-1,-1,-1,-1,-1,-1,-1,-2,-3,-4,-5,-6,-7,-8,-9,-10,1,1,1,1,1,1,1,1,1,1,1,1,1,1,2,3,4,5,6,7,8,9,10,3,4,5,6,7,8,9,10,11,5,7,9,11,13,15,5,7,9,11,13,15,17,8,11,14,17,20,7,10,13,16,19,11,15,19,23,9,13,17,21,14,19,24,11,16,21,26,17,23,13,19,25,20,27,15,22,29,23,31,17,25,26,19,28,29,21,31,32,23,34,35,25,37,38,27,29,31,33,35,37,39,41,43,45,47,49,51,53,-38,-37,-33,-32,-28,-27,-37,-33,-23,-22,-30,-34,-26,-18,-25,-29,-17,-24,-27,-23,-29,-31,-25,-19,-13,-18,-21,-12,-17,-19,-16,-20,-24,-28,-24,-20,-16,-12,-17,-19,-8,-11,-14,-13,-18,-7,-10,-13,-11,-15,-9,-13,-14,-11,-16,-17,-13,-15,-17,-19,-17,-15,-13,-11,-9,-7,-10,-11,-5,-7,-9,-8,-3,-4,-5,-6,-7,-5,-7,-9,-2,-3,-4,-5,-6,-3,-4,-5,-2,-3,-4,-3,-4,-2,-3,-4,-3,-2,-3,-3,-2,-3,-3,-2,-2,-2,-2,-2,-2,-2,2,2,2,2,2,2,2,2,3,3,2,3,3,2,3,4,3,2,3,4,3,4,2,3,4,5,6,3,4,5,3,4,5,6,7,5,7,9,5,7,9,8,7,10,11,9,11,13,15,17,19,17,15,13,11,16,17,9,13,14,7,10,13,11,15,8,11,14,13,18,12,17,19,16,20,24,28,24,20,16,12,17,19,13,18,21,19,25,31,29,23,17,24,27,18,25,29,26,34,30,22,23,33,37,27,28,32,33,37,38,-21,-19,-17,-18,-12,-12,-8,-7,-9,-11,-9,-7,-5,-7,-8,-5,-7,-5,-5,-5,5,5,5,7,5,5,7,8,7,9,11,9,7,8,12,12,18,17,19,21
28,1,1,0,1,1,1,1,1,1,1,1,1,1,1,1,1,1,1,1,1,1,1,1,1,1,1,1,1,1,1,1,1,1,1,1,1,1,1,1,1,1,1,1,1,1,1,1,1,1,1,1,1,1,1,1,1,1,1,1,1,1,1,1,1,1,1,1,1,1,1,1,1,1,1,1,1,1,1,1,1,1,1,1,1,1,1,1,1,1,1,1,1,1,1,1,1,1,1,1,1,1,1,1,1,1,1,1,1,1,1,1,1,1,1,1,1,1,1,1,1,1,1,1,1,1,1,1,1,1,1,1,1,1,1,1,1,1,1,1,1,1,1,1,1,1,1,1,1,1,1,1,1,1,1,1,1,1,1,1,1,1,1,1,1,1,1,1,1,1,1,1,1,1,1,1,1,1,1,1,1,1,1,1,1,1,1,1,1,1,1,1,1,1,1,1,1,1,1,1,1,1,1,1,1,1,1,1,1,1,1,1,1,1,1,1,1,1,1,1,1,1,1,1,1,1,1,1,1,1,1,1,1,1,1,1,1,1,1,1,1,1,1,1,1,1,1,1,1,1,1,1,1,1,1,1,1,1,1,1,1,1,1,1,1,1,1,1,1,1,1,1,1,1,1,1,1,1,1,1,1,1,1,1,1,1,1,1,1,1,1,1,1,1,1,1,1,1,1,1,1,1,1,1,1,1,1,1,1,1,1,1,1,1,1,1,1,1,1,1,1,1,1,1,1,1,1,1,1,1,1,1,1,1,1,1,1,1,1,1,1,1,1,1,1,1,1,1,1,1,1,1,1,1,1,1,1,1,1,1,1,1,1,1,1,1,1,1,1,1,1,1,1,1,1,1,1,1,1,1,1,1,1,1,1,1,1,1,1,1,1,1,1,1,1,1,1,1,1,1,1,1,1,1,1,1,1,1,1,1,1,1,1,1,1,1,1,1,1,1,1,1,1,1,1,1,1,1,1,1,1,1,1,1,1,1,1,1,1,1,1,1,1,1,1,1,1,1,1,1,1,1,1,1,1,1,1,1,1,1,1,1,1,1,1,1,1,1,1,1,1,1,1,1,1,1,1,1,1,1,1,1,1,1,1,1,1,1,1,1,1,1,1,1,1,1,1,1,1,1,1,1,1,1,1,1,1,1,1,1,1,1,1,1,1,1,1,1,1,1,1,1,1,1,1,1,1,1,1,1,1,1,1,1,1,1,1,1,1,1,1,1,1
